"Message",Low,"Построение начато."
"Message",Low,"Проект ""Unnamed_1"" (целевые объекты по умолчанию):"
"Message",Low,"Построение с инструментами версии ""4.0""."
"Message",Low,"Целевой объект ""PrintILCStartMessage"" в файле ""C:\Program Files (x86)\MSBuild\Microsoft\.NetNative\ARM\ilc\IlcInternals.targets"" из проекта ""C:\Users\Sergey\Documents\Visual Studio 2015\Projects\TheQuestionReborn\TheQuestionReborn\Unnamed_1"" (целевой объект ""Build"" зависит от него):"
"Message",Low,"Используется задача ""IlcMessageTask"" из сборки ""C:\Program Files (x86)\MSBuild\Microsoft\.NetNative\ARM\ilc\ilc.exe""."
"Message",Low,"Задача ""IlcMessageTask"""
"Message",High,"Запуск компиляции машинного кода .NET"
"Message",Low,"Выполнение задачи ""IlcMessageTask"" завершено."
"Message",Low,"Построение целевого объекта ""PrintILCStartMessage"" в проекте ""Unnamed_1"" завершено."
"Message",Low,"Целевой объект ""LogAppContextSwitches"" в файле ""C:\Program Files (x86)\MSBuild\Microsoft\.NetNative\ARM\ilc\IlcInternals.targets"" из проекта ""C:\Users\Sergey\Documents\Visual Studio 2015\Projects\TheQuestionReborn\TheQuestionReborn\Unnamed_1"" (целевой объект ""SetMainTargetPaths"" зависит от него):"
"Message",Low,"Используется задача ""Message"" из сборки ""Microsoft.Build.Tasks.v4.0, Version=4.0.0.0, Culture=neutral, PublicKeyToken=b03f5f7f11d50a3a""."
"Message",Low,"Задача ""Message"""
"Message",Normal,"AppContextSwitch: ''"
"Message",Low,"Выполнение задачи ""Message"" завершено."
"Message",Low,"Построение целевого объекта ""LogAppContextSwitches"" в проекте ""Unnamed_1"" завершено."
"Message",Low,"Целевой объект ""SetMainTargetPaths"" в файле ""C:\Program Files (x86)\MSBuild\Microsoft\.NetNative\ARM\ilc\IlcInternals.targets"" из проекта ""C:\Users\Sergey\Documents\Visual Studio 2015\Projects\TheQuestionReborn\TheQuestionReborn\Unnamed_1"" (целевой объект ""CopyNativeExecutablesToOutput"" зависит от него):"
"Message",Low,"Построение целевого объекта ""SetMainTargetPaths"" в проекте ""Unnamed_1"" завершено."
"Message",Low,"Целевой объект ""GenerateFakeExe"" пропущен из-за невыполненного условия; выражение (!Exists('@(InputILTarget)')) равно (!Exists('C:\Users\Sergey\Documents\Visual Studio 2015\Projects\TheQuestionReborn\TheQuestionReborn\obj\ARM\Release\ilc\in\TheQuestionReborn.exe'))."
"Message",Low,"Целевой объект ""InjectCoreLibTypeForwards"" в файле ""C:\Program Files (x86)\MSBuild\Microsoft\.NetNative\ARM\ilc\IlcInternals.targets"" из проекта ""C:\Users\Sergey\Documents\Visual Studio 2015\Projects\TheQuestionReborn\TheQuestionReborn\Unnamed_1"" (целевой объект ""RunILTransforms"" зависит от него):"
"Message",Low,"Используется задача ""MakeDir"" из сборки ""Microsoft.Build.Tasks.v4.0, Version=4.0.0.0, Culture=neutral, PublicKeyToken=b03f5f7f11d50a3a""."
"Message",Low,"Задача ""MakeDir"""
"Message",Normal,"Создание каталога ""C:\Users\Sergey\Documents\Visual Studio 2015\Projects\TheQuestionReborn\TheQuestionReborn\obj\ARM\Release\ilc\intermediate\TransformedCoreLib\""."
"Message",Low,"Выполнение задачи ""MakeDir"" завершено."
"Message",Low,"Используется задача ""ILTransformTask"" из сборки ""Microsoft.Build.ILTasks""."
"Message",Low,"Задача ""ILTransformTask"""
"Message",Normal,"Running 'InjectCoreLibTypeForwards' transform, heap at 12 mb."
"Message",Normal,"Running 'InjectCoreLibIReflectableTypeSupport' transform, heap at 41 mb."
"Message",Normal,""
"Message",Normal,"Сводка преобразования"
"Message",Normal,"   мс | разностный файл кучи | имя"
"Message",Normal,"  1114 |         29 | InjectCoreLibTypeForwards"
"Message",Normal,"    28 |          0 | InjectCoreLibIReflectableTypeSupport"
"Message",Normal,"Writing transformed assembly took 647 ms, heap at 36 mb."
"Message",Low,"Выполнение задачи ""ILTransformTask"" завершено."
"Message",Low,"Построение целевого объекта ""InjectCoreLibTypeForwards"" в проекте ""Unnamed_1"" завершено."
"Message",Low,"Целевой объект ""InjectCoreLibTypeForwards"" пропущен. Раньше построение было успешным."
"Message",Low,"Целевой объект ""PreResolveTransforms"" в файле ""C:\Program Files (x86)\MSBuild\Microsoft\.NetNative\ARM\ilc\IlcInternals.targets"" из проекта ""C:\Users\Sergey\Documents\Visual Studio 2015\Projects\TheQuestionReborn\TheQuestionReborn\Unnamed_1"" (целевой объект ""RunILTransforms"" зависит от него):"
"Message",Low,"Полное построение целевого объекта ""PreResolveTransforms""."
"Message",Low,"Выходной файл ""C:\Users\Sergey\Documents\Visual Studio 2015\Projects\TheQuestionReborn\TheQuestionReborn\obj\ARM\Release\ilc\intermediate\PreMergeILTransformed\TheQuestionReborn.exe"" не существует."
"Message",Low,"Задача ""MakeDir"""
"Message",Normal,"Создание каталога ""C:\Users\Sergey\Documents\Visual Studio 2015\Projects\TheQuestionReborn\TheQuestionReborn\obj\ARM\Release\ilc\intermediate\PreMergeILTransformed\""."
"Message",Low,"Выполнение задачи ""MakeDir"" завершено."
"Message",Low,"Используется задача ""AssemblyClosureTask"" из сборки ""Microsoft.Build.ILTasks""."
"Message",Low,"Задача ""AssemblyClosureTask"""
"Message",Low,"Выполнение задачи ""AssemblyClosureTask"" завершено."
"Message",Low,"Задача ""ILTransformTask"""
"Message",Normal,"Running 'ResolveSelfReferences' transform, heap at 40 mb."
"Message",Normal,"Не удалось найти символы для сборки ""C:\Users\Sergey\Documents\Visual Studio 2015\Projects\TheQuestionReborn\TheQuestionReborn\obj\ARM\Release\ilc\in\HtmlAgilityPack.dll"". Символы не должны находиться в той же папке, что и сборка."
"Message",Normal,"Не удалось найти символы для сборки ""C:\Users\Sergey\Documents\Visual Studio 2015\Projects\TheQuestionReborn\TheQuestionReborn\obj\ARM\Release\ilc\in\Microsoft.ApplicationInsights.dll"". Символы не должны находиться в той же папке, что и сборка."
"Message",Normal,"Не удалось найти символы для сборки ""C:\Users\Sergey\Documents\Visual Studio 2015\Projects\TheQuestionReborn\TheQuestionReborn\obj\ARM\Release\ilc\in\Microsoft.ApplicationInsights.Extensibility.Windows.dll"". Символы не должны находиться в той же папке, что и сборка."
"Message",Normal,"Не удалось найти символы для сборки ""C:\Users\Sergey\Documents\Visual Studio 2015\Projects\TheQuestionReborn\TheQuestionReborn\obj\ARM\Release\ilc\in\Microsoft.ApplicationInsights.PersistenceChannel.dll"". Символы не должны находиться в той же папке, что и сборка."
"Message",Normal,"Не удалось найти символы для сборки ""C:\Users\Sergey\Documents\Visual Studio 2015\Projects\TheQuestionReborn\TheQuestionReborn\obj\ARM\Release\ilc\in\Microsoft.Toolkit.Uwp.Notifications.dll"". Символы не должны находиться в той же папке, что и сборка."
"Message",Normal,"Не удалось найти символы для сборки ""C:\Users\Sergey\Documents\Visual Studio 2015\Projects\TheQuestionReborn\TheQuestionReborn\obj\ARM\Release\ilc\in\Microsoft.Xaml.Interactions.dll"". Символы не должны находиться в той же папке, что и сборка."
"Message",Normal,"Не удалось найти символы для сборки ""C:\Users\Sergey\Documents\Visual Studio 2015\Projects\TheQuestionReborn\TheQuestionReborn\obj\ARM\Release\ilc\in\Microsoft.Xaml.Interactivity.dll"". Символы не должны находиться в той же папке, что и сборка."
"Message",Normal,"Не удалось найти символы для сборки ""C:\Users\Sergey\Documents\Visual Studio 2015\Projects\TheQuestionReborn\TheQuestionReborn\obj\ARM\Release\ilc\in\Newtonsoft.Json.dll"". Символы не должны находиться в той же папке, что и сборка."
"Message",Normal,"Running 'RemoveDuplicateMembers' transform, heap at 35 mb."
"Message",Normal,"Running 'GenericNameValidator' transform, heap at 35 mb."
"Message",Normal,"Running 'PortableLib' transform, heap at 35 mb."
"Message",Normal,""
"Message",Normal,"Сводка преобразования"
"Message",Normal,"   мс | разностный файл кучи | имя"
"Message",Normal,"   885 |         -5 | ResolveSelfReferences"
"Message",Normal,"   816 |         26 | PortableLib"
"Message",Normal,"     1 |          0 | GenericNameValidator"
"Message",Normal,"     0 |          0 | RemoveDuplicateMembers"
"Message",Normal,"Writing transformed assembly took 243 ms, heap at 69 mb."
"Message",Low,"Выполнение задачи ""ILTransformTask"" завершено."
"Message",Low,"Используется задача ""Copy"" из сборки ""Microsoft.Build.Tasks.v4.0, Version=4.0.0.0, Culture=neutral, PublicKeyToken=b03f5f7f11d50a3a""."
"Message",Low,"Задача ""Copy"""
"Message",Normal,"Копирование файла из ""C:\Users\Sergey\Documents\Visual Studio 2015\Projects\TheQuestionReborn\TheQuestionReborn\obj\ARM\Release\ilc\in\TheQuestionReborn.pdb"" в ""C:\Users\Sergey\Documents\Visual Studio 2015\Projects\TheQuestionReborn\TheQuestionReborn\obj\ARM\Release\ilc\intermediate\PreMergeILTransformed\TheQuestionReborn.pdb""."
"Message",Low,"Выполнение задачи ""Copy"" завершено."
"Message",Low,"Задача ""Copy"""
"Message",Normal,"Копирование файла из ""C:\Users\Sergey\Documents\Visual Studio 2015\Projects\TheQuestionReborn\TheQuestionReborn\obj\ARM\Release\ilc\in\TheQuestionReborn.exe"" в ""C:\Users\Sergey\Documents\Visual Studio 2015\Projects\TheQuestionReborn\TheQuestionReborn\obj\ARM\Release\ilc\intermediate\PreMergeILTransformed\TheQuestionReborn.exe""."
"Message",Low,"Выполнение задачи ""Copy"" завершено."
"Message",Low,"Построение целевого объекта ""PreResolveTransforms"" в проекте ""Unnamed_1"" завершено."
"Message",Low,"Целевой объект ""InitInputResourceName"" в файле ""C:\Program Files (x86)\MSBuild\Microsoft\.NetNative\ARM\ilc\IlcInternals.targets"" из проекта ""C:\Users\Sergey\Documents\Visual Studio 2015\Projects\TheQuestionReborn\TheQuestionReborn\Unnamed_1"" (целевой объект ""RunILTransforms"" зависит от него):"
"Message",Low,"Задача ""ResolveFilePathTask"" пропущена из-за невыполненного условия; выражение ('$(InputPath)' != '' and Exists('$(InputPath)\obj\')) равно ('C:\Users\Sergey\Documents\Visual Studio 2015\Projects\TheQuestionReborn\TheQuestionReborn\obj\ARM\Release\ilc\in' != '' and Exists('C:\Users\Sergey\Documents\Visual Studio 2015\Projects\TheQuestionReborn\TheQuestionReborn\obj\ARM\Release\ilc\in\obj\'))."
"Message",Low,"Используется задача ""ResolveFilePathTask"" из сборки ""Microsoft.Build.ILTasks""."
"Message",Low,"Задача ""ResolveFilePathTask"""
"Message",Low,"Выполнение задачи ""ResolveFilePathTask"" завершено."
"Message",Low,"Построение целевого объекта ""InitInputResourceName"" в проекте ""Unnamed_1"" завершено."
"Message",Low,"Целевой объект ""PreResolveTransforms"" пропущен. Раньше построение было успешным."
"Message",Low,"Целевой объект ""ResolveInitialReferences"" в файле ""C:\Program Files (x86)\MSBuild\Microsoft\.NetNative\ARM\ilc\IlcInternals.targets"" из проекта ""C:\Users\Sergey\Documents\Visual Studio 2015\Projects\TheQuestionReborn\TheQuestionReborn\Unnamed_1"" (целевой объект ""RunILTransforms"" зависит от него):"
"Message",Low,"Задача ""ResolveFilePathTask"""
"Message",Low,"Выполнение задачи ""ResolveFilePathTask"" завершено."
"Message",Low,"Задача ""ResolveFilePathTask"""
"Message",Low,"Выполнение задачи ""ResolveFilePathTask"" завершено."
"Message",Low,"Задача ""IlcErrorTask"" пропущена из-за невыполненного условия; выражение ('@(UnresolvedManagedDllFilesErrorParameters)'!='') равно (''!='')."
"Message",Low,"Задача ""AssemblyClosureTask"""
"Message",Low,"Выполнение задачи ""AssemblyClosureTask"" завершено."
"Message",Low,"Задача ""AssemblyClosureTask"""
"Message",Low,"Выполнение задачи ""AssemblyClosureTask"" завершено."
"Message",Low,"Используется задача ""RemoveDuplicates"" из сборки ""Microsoft.Build.Tasks.v4.0, Version=4.0.0.0, Culture=neutral, PublicKeyToken=b03f5f7f11d50a3a""."
"Message",Low,"Задача ""RemoveDuplicates"""
"Message",Low,"Выполнение задачи ""RemoveDuplicates"" завершено."
"Message",Low,"Построение целевого объекта ""ResolveInitialReferences"" в проекте ""Unnamed_1"" завершено."
"Message",Low,"Целевой объект ""RunILTransforms"" в файле ""C:\Program Files (x86)\MSBuild\Microsoft\.NetNative\ARM\ilc\IlcInternals.targets"" из проекта ""C:\Users\Sergey\Documents\Visual Studio 2015\Projects\TheQuestionReborn\TheQuestionReborn\Unnamed_1"" (целевой объект ""GenerateMDILResponseFileSingleFile"" зависит от него):"
"Message",Low,"Полное построение целевого объекта ""RunILTransforms""."
"Message",Low,"Выходной файл ""C:\Users\Sergey\Documents\Visual Studio 2015\Projects\TheQuestionReborn\TheQuestionReborn\obj\ARM\Release\ilc\intermediate\ILTransformed\TheQuestionReborn.ilexe"" не существует."
"Message",Low,"Задача ""IlcMessageTask"""
"Message",High,"Обработка кода приложения"
"Message",Low,"Выполнение задачи ""IlcMessageTask"" завершено."
"Message",Low,"Используется задача ""ValidateSimpleNamesTask"" из сборки ""C:\Program Files (x86)\MSBuild\Microsoft\.NetNative\ARM\ilc\ilc.exe""."
"Message",Low,"Задача ""ValidateSimpleNamesTask"""
"Message",Low,"Выполнение задачи ""ValidateSimpleNamesTask"" завершено."
"Message",Low,"Задача ""MakeDir"""
"Message",Normal,"Создание каталога ""C:\Users\Sergey\Documents\Visual Studio 2015\Projects\TheQuestionReborn\TheQuestionReborn\obj\ARM\Release\ilc\intermediate\ILTransformed\""."
"Message",Low,"Выполнение задачи ""MakeDir"" завершено."
"Message",Low,"Задача ""IlcErrorTask"" пропущена из-за невыполненного условия; выражение ('$(PlatformTarget)'=='') равно ('arm'=='')."
"Message",Low,"Задача ""IlcErrorTask"" пропущена из-за невыполненного условия; выражение ('$(BuildSharedAssemblies)' == 'true' and '$(UseSharedAssemblies)' == 'true') равно ('false' == 'true' and 'false' == 'true')."
"Message",Low,"Задача ""ResolveFilePathTask"""
"Message",Low,"Выполнение задачи ""ResolveFilePathTask"" завершено."
"Message",Low,"Задача ""IlcErrorTask"" пропущена из-за невыполненного условия; выражение ('@(UnresolvedMcgSourceContractsReferencesErrorParameters)'!='') равно (''!='')."
"Message",Low,"Задача ""ResolveFilePathTask"""
"Message",Low,"Выполнение задачи ""ResolveFilePathTask"" завершено."
"Message",Low,"Задача ""IlcErrorTask"" пропущена из-за невыполненного условия; выражение ('@(UnresolvedMcgSourceFacadeErrorParameters)'!='') равно (''!='')."
"Message",Low,"Задача ""ResolveFilePathTask"""
"Message",Low,"Выполнение задачи ""ResolveFilePathTask"" завершено."
"Message",Low,"Задача ""ResolveFilePathTask"""
"Message",Low,"Выполнение задачи ""ResolveFilePathTask"" завершено."
"Message",Low,"Задача ""IlcErrorTask"" пропущена из-за невыполненного условия; выражение ('@(UnresolvedManagedDllFilesErrorParameters)'!='') равно (''!='')."
"Message",Low,"Задача ""AssemblyClosureTask"""
"Message",Low,"Выполнение задачи ""AssemblyClosureTask"" завершено."
"Message",Low,"Задача ""ResolveFilePathTask"""
"Message",Low,"Выполнение задачи ""ResolveFilePathTask"" завершено."
"Message",Low,"Задача ""IlcErrorTask"" пропущена из-за невыполненного условия; выражение ('@(UnresolvedCoreAssemblyErrorParameters)'!='') равно (''!='')."
"Message",Low,"Задача ""RemoveDuplicates"""
"Message",Low,"Выполнение задачи ""RemoveDuplicates"" завершено."
"Message",Low,"Задача ""AddToNativePackageTask"" пропущена из-за невыполненного условия; выражение ('@(NeedsClrCompression)' != '') равно ('' != '')."
"Message",Low,"Задача ""MakeDir"""
"Message",Normal,"Создание каталога ""C:\Users\Sergey\Documents\Visual Studio 2015\Projects\TheQuestionReborn\TheQuestionReborn\obj\ARM\Release\ilc\intermediate\SgGenerated""."
"Message",Low,"Выполнение задачи ""MakeDir"" завершено."
"Message",Low,"Используется задача ""WriteLinesToFile"" из сборки ""Microsoft.Build.Tasks.v4.0, Version=4.0.0.0, Culture=neutral, PublicKeyToken=b03f5f7f11d50a3a""."
"Message",Low,"Задача ""WriteLinesToFile"""
"Message",Low,"Выполнение задачи ""WriteLinesToFile"" завершено."
"Message",Low,"Задача ""ReadLinesFromFile"" пропущена из-за невыполненного условия; выражение ('$(UseSharedAssemblies)' == 'true') равно ('false' == 'true')."
"Message",Low,"Задача ""MakeDir"""
"Message",Normal,"Создание каталога ""C:\Users\Sergey\Documents\Visual Studio 2015\Projects\TheQuestionReborn\TheQuestionReborn\obj\ARM\Release\ilc\intermediate\ResW\""."
"Message",Low,"Выполнение задачи ""MakeDir"" завершено."
"Message",Low,"Задача ""IlcWarningTask"" пропущена из-за невыполненного условия; выражение ('$(BuildSharedAssemblies)' != 'true' and '@(ReducerInputFiles)' == '') равно ('false' != 'true' and 'C:\Users\Sergey\Documents\Visual Studio 2015\Projects\TheQuestionReborn\TheQuestionReborn\obj\ARM\Release\ilc\in\Properties\Default.rd.xml' == '')."
"Message",Low,"Задача ""ILTransformTask"""
"Message",Normal,"Running 'Mcg' transform, heap at 11 mb."
"Message",High,"Вычисление закрытия приложения и создание кода взаимодействия"
"Message",Normal,"  Список LIB-файлов:"
"Message",Normal,"      mincore.lib"
"Message",Normal,"  Список путей поиска LIB-файлов:"
"Message",Normal,"      C:\Program Files (x86)\Windows Kits\10\lib\10.0.10586.0\um\arm"
"Message",Normal,"  Идет загрузка экспортированных данных из LIB-файлов..."
"Message",Normal,"      4189 экспортирует операции чтения из ""C:\Program Files (x86)\Windows Kits\10\lib\10.0.10586.0\um\arm\mincore.lib""."
"Message",Normal,"  Идет загрузка модулей 92..."
"Message",Normal,"  Идет обнаружение типов..."
"Message",Normal,"      Импортированные директивы отражений из файлов 19:"
"Message",Normal,"          C:\Users\Sergey\Documents\Visual Studio 2015\Projects\TheQuestionReborn\TheQuestionReborn\obj\ARM\Release\ilc\in\Properties\Default.rd.xml"
"Message",Normal,"          Встроенный манифест System.Diagnostics.Tracing: Resources.System.Diagnostics.Tracing.rd.xml"
"Message",Normal,"          Встроенный манифест System.Private.CoreLib: Resources.System.Private.CoreLib.rd.xml"
"Message",Normal,"          Встроенный манифест System.Private.Uri: Resources.System.Private.Uri.rd.xml"
"Message",Normal,"          Встроенный манифест System.Private.Reflection: Resources.System.Private.Reflection.rd.xml"
"Message",Normal,"          Встроенный манифест System.Private.Reflection.Core: Resources.System.Private.Reflection.Core.rd.xml"
"Message",Normal,"          Встроенный манифест System.Private.Interop: Resources.System.Private.Interop.rd.xml"
"Message",Normal,"          Встроенный манифест System.Xml.XmlSerializer: System.Xml.XmlSerializer.Resources.System.Xml.XmlSerializer.rd.xml"
"Message",Normal,"          Встроенный манифест System.Xml.ReaderWriter: System.Xml.Resources.System.Xml.ReaderWriter.rd.xml"
"Message",Normal,"          Встроенный манифест System.Private.PortableThunks: Resources.System.Private.PortableThunks.rd.xml"
"Message",Normal,"          Встроенный манифест System.Xml.XDocument: System.Xml.Resources.System.Xml.XDocument.rd.xml"
"Message",Normal,"          Встроенный манифест System.Runtime.Serialization.Primitives: System.Runtime.Serialization.Primitives.Resources.System.Runtime.Serialization.Primitives.rd.xml"
"Message",Normal,"          Встроенный манифест System.Linq.Expressions: Resources.System.Linq.Expressions.rd.xml"
"Message",Normal,"          Встроенный манифест System.Dynamic.Runtime: Resources.System.Dynamic.Runtime.rd.xml"
"Message",Normal,"          Встроенный манифест Microsoft.CSharp: Microsoft.CSharp.Resources.Microsoft.CSharp.rd.xml"
"Message",Normal,"          Встроенный манифест System.Private.DataContractSerialization: System.Private.DataContractSerialization.Resources.System.Private.DataContractSerialization.rd.xml"
"Message",Normal,"          Встроенный манифест Microsoft.Toolkit.Uwp.Notifications: Microsoft.Toolkit.Uwp.Notifications.Properties.Microsoft.Toolkit.Uwp.Notifications.rd.xml"
"Message",Normal,"          Microsoft.ApplicationInsights"
"Message",Normal,"          Newtonsoft.Json"
"Message",Normal,"      Импортированы корни XAML из файлов 1:"
"Message",Normal,"          C:\Users\Sergey\Documents\Visual Studio 2015\Projects\TheQuestionReborn\TheQuestionReborn\obj\ARM\Release\ilc\in\TheQuestionReborn.xr.xml"
"Message",Normal,"  3808 type(s) discovered in 18817,00 ms. "
"Message",Normal,"  Идет импорт типов в IR..."
"Message",Normal,"      Корни WinRT: 1930"
"Message",Normal,"      Корни CCW: 1871"
"Message",Normal,"      Корни COM: 7"
"Message",Normal,"      Методы PInvoke: 66"
"Message",Normal,"      Делегаты PInvoke: 2"
"Message",Normal,"      Структуры PInvoke: 24"
"Message",Normal,"  5442 types imported in 668,00 ms. "
"Message",Normal,"  Идет создание кода..."
"Message",Normal,"      Выполняется разрешение P/invoke..."
"Message",Normal,"          P/invoke ""RhWaitForPendingFinalizers"" не удалось разрешить; будет использовано значение по умолчанию [MRT]!RhWaitForPendingFinalizers."
"Message",Normal,"          P/invoke ""RhCompatibleReentrantWaitAny"" не удалось разрешить; будет использовано значение по умолчанию [MRT]!RhCompatibleReentrantWaitAny."
"Message",Normal,"          P/invoke ""_ecvt_s"" не удалось разрешить; будет использовано значение по умолчанию [MRT]!_ecvt_s."
"Message",Normal,"          P/invoke ""memmove"" не удалось разрешить; будет использовано значение по умолчанию [MRT]!memmove."
"Message",Normal,"          Метод P/invoke ""GetLastError"" разрешен в api-ms-win-core-errorhandling-l1-1-1.dll!GetLastError."
"Message",Normal,"          Метод P/invoke ""SetLastError"" разрешен в api-ms-win-core-errorhandling-l1-1-1.dll!SetLastError."
"Message",Normal,"          Метод P/invoke ""GetLastError"" разрешен в api-ms-win-core-errorhandling-l1-1-1.dll!GetLastError."
"Message",Normal,"          P/invoke ""NormalizeString"" не удалось разрешить; будет использовано значение по умолчанию api-ms-win-core-normalization-l1-1-0.dll!NormalizeString."
"Message",Normal,"          Метод P/invoke ""RoInitialize"" разрешен в api-ms-win-core-winrt-l1-1-0.dll!RoInitialize."
"Message",Normal,"          Метод P/invoke ""IsValidLocaleName"" разрешен в api-ms-win-core-localization-l1-2-1.dll!IsValidLocaleName."
"Message",Normal,"          Метод P/invoke ""ResolveLocaleName"" разрешен в api-ms-win-core-localization-l1-2-1.dll!ResolveLocaleName."
"Message",Normal,"          Метод P/invoke ""FormatMessage"" разрешен в api-ms-win-core-localization-l1-2-1.dll!FormatMessageA."
"Message",Normal,"          Метод P/invoke ""GetCPInfoExW"" разрешен в api-ms-win-core-localization-l1-2-1.dll!GetCPInfoExW."
"Message",Normal,"          Метод P/invoke ""IdnToAscii"" разрешен в api-ms-win-core-localization-l1-2-1.dll!IdnToAscii."
"Message",Normal,"          Метод P/invoke ""IdnToUnicode"" разрешен в api-ms-win-core-localization-l1-2-1.dll!IdnToUnicode."
"Message",Normal,"          Метод P/invoke ""FindNLSStringEx"" разрешен в api-ms-win-core-localization-l1-2-1.dll!FindNLSStringEx."
"Message",Normal,"          Метод P/invoke ""FormatMessageW"" разрешен в api-ms-win-core-localization-l1-2-1.dll!FormatMessageW."
"Message",Normal,"          Метод P/invoke ""FormatMessageW"" разрешен в api-ms-win-core-localization-l1-2-1.dll!FormatMessageW."
"Message",Normal,"          Метод P/invoke ""GetCommandLineW"" разрешен в api-ms-win-core-processenvironment-l1-2-0.dll!GetCommandLineW."
"Message",Normal,"          Метод P/invoke ""GetCurrentThreadId"" разрешен в api-ms-win-core-processthreads-l1-1-2.dll!GetCurrentThreadId."
"Message",Normal,"          Метод P/invoke ""GetCurrentProcessId"" разрешен в api-ms-win-core-processthreads-l1-1-2.dll!GetCurrentProcessId."
"Message",Normal,"          Метод P/invoke ""EventWriteTransfer"" разрешен в api-ms-win-eventing-provider-l1-1-0.dll!EventWriteTransfer."
"Message",Normal,"          Метод P/invoke ""EventSetInformation"" разрешен в api-ms-win-eventing-provider-l1-1-0.dll!EventSetInformation."
"Message",Normal,"          Метод P/invoke ""EventRegister"" разрешен в api-ms-win-eventing-provider-l1-1-0.dll!EventRegister."
"Message",Normal,"          Метод P/invoke ""EventUnregister"" разрешен в api-ms-win-eventing-provider-l1-1-0.dll!EventUnregister."
"Message",Normal,"          Метод P/invoke ""RaiseFailFastException"" разрешен в api-ms-win-core-errorhandling-l1-1-3.dll!RaiseFailFastException."
"Message",Normal,"          Метод P/invoke ""QueryPerformanceFrequency"" разрешен в api-ms-win-core-profile-l1-1-0.dll!QueryPerformanceFrequency."
"Message",Normal,"          Метод P/invoke ""QueryPerformanceCounter"" разрешен в api-ms-win-core-profile-l1-1-0.dll!QueryPerformanceCounter."
"Message",Normal,"          P/invoke ""deflateEnd"" не удалось разрешить; будет использовано значение по умолчанию clrcompression.dll!deflateEnd."
"Message",Normal,"          P/invoke ""inflateEnd"" не удалось разрешить; будет использовано значение по умолчанию clrcompression.dll!inflateEnd."
"Message",Normal,"          P/invoke ""deflateInit2_"" не удалось разрешить; будет использовано значение по умолчанию clrcompression.dll!deflateInit2_."
"Message",Normal,"          P/invoke ""deflate"" не удалось разрешить; будет использовано значение по умолчанию clrcompression.dll!deflate."
"Message",Normal,"          Метод P/invoke ""GetNativeSystemInfo"" разрешен в api-ms-win-core-sysinfo-l1-2-1.dll!GetNativeSystemInfo."
"Message",Normal,"          Метод P/invoke ""VirtualQuery"" разрешен в api-ms-win-core-memory-l1-1-2.dll!VirtualQuery."
"Message",Normal,"          Метод P/invoke ""CompareStringEx"" разрешен в api-ms-win-core-string-l1-1-0.dll!CompareStringEx."
"Message",Normal,"          Метод P/invoke ""CompareStringOrdinal"" разрешен в api-ms-win-core-string-l1-1-0.dll!CompareStringOrdinal."
"Message",Normal,"          Метод P/invoke ""FindStringOrdinal"" разрешен в api-ms-win-core-libraryloader-l1-2-0.dll!FindStringOrdinal."
"Message",Normal,"          Метод P/invoke ""CoCreateInstance"" разрешен в api-ms-win-core-com-l1-1-1.dll!CoCreateInstance."
"Message",Normal,"          Метод P/invoke ""QueryUnbiasedInterruptTime"" разрешен в api-ms-win-core-realtime-l1-1-0.dll!QueryUnbiasedInterruptTime."
"Message",Normal,"          Метод P/invoke ""CreateDirectoryW"" разрешен в api-ms-win-core-file-l1-2-1.dll!CreateDirectoryW."
"Message",Normal,"          Метод P/invoke ""DeleteFileW"" разрешен в api-ms-win-core-file-l1-2-1.dll!DeleteFileW."
"Message",Normal,"          Метод P/invoke ""GetFileAttributesExW"" разрешен в api-ms-win-core-file-l1-2-1.dll!GetFileAttributesExW."
"Message",Normal,"          Метод P/invoke ""GetFileType"" разрешен в api-ms-win-core-file-l1-2-1.dll!GetFileType."
"Message",Normal,"          Метод P/invoke ""FindFirstFileExW"" разрешен в api-ms-win-core-file-l1-2-1.dll!FindFirstFileExW."
"Message",Normal,"          Метод P/invoke ""SetFilePointerEx"" разрешен в api-ms-win-core-file-l1-2-1.dll!SetFilePointerEx."
"Message",Normal,"          Метод P/invoke ""FindClose"" разрешен в api-ms-win-core-file-l1-2-1.dll!FindClose."
"Message",Normal,"          Метод P/invoke ""ReadFile"" разрешен в api-ms-win-core-file-l1-2-1.dll!ReadFile."
"Message",Normal,"          Метод P/invoke ""ReadFile"" разрешен в api-ms-win-core-file-l1-2-1.dll!ReadFile."
"Message",Normal,"          Метод P/invoke ""SetEndOfFile"" разрешен в api-ms-win-core-file-l1-2-1.dll!SetEndOfFile."
"Message",Normal,"          Метод P/invoke ""WriteFile"" разрешен в api-ms-win-core-file-l1-2-1.dll!WriteFile."
"Message",Normal,"          Метод P/invoke ""WriteFile"" разрешен в api-ms-win-core-file-l1-2-1.dll!WriteFile."
"Message",Normal,"          Метод P/invoke ""FlushFileBuffers"" разрешен в api-ms-win-core-file-l1-2-1.dll!FlushFileBuffers."
"Message",Normal,"          Метод P/invoke ""SysFreeString"" разрешен в oleaut32.dll!#6."
"Message",Normal,"          Метод P/invoke ""GetFileInformationByHandleEx"" разрешен в api-ms-win-core-file-l2-1-1.dll!GetFileInformationByHandleEx."
"Message",Normal,"          Метод P/invoke ""GetLongPathNameW"" разрешен в api-ms-win-core-file-l1-2-1.dll!GetLongPathNameW."
"Message",Normal,"          Метод P/invoke ""GetLongPathNameW"" разрешен в api-ms-win-core-file-l1-2-1.dll!GetLongPathNameW."
"Message",Normal,"          Метод P/invoke ""GetFullPathNameW"" разрешен в api-ms-win-core-file-l1-2-1.dll!GetFullPathNameW."
"Message",Normal,"          Метод P/invoke ""GetFullPathNameW"" разрешен в api-ms-win-core-file-l1-2-1.dll!GetFullPathNameW."
"Message",Normal,"          Метод P/invoke ""CreateThreadpoolIo"" разрешен в api-ms-win-core-threadpool-l1-2-0.dll!CreateThreadpoolIo."
"Message",Normal,"          Метод P/invoke ""CloseThreadpoolIo"" разрешен в api-ms-win-core-threadpool-l1-2-0.dll!CloseThreadpoolIo."
"Message",Normal,"          Метод P/invoke ""StartThreadpoolIo"" разрешен в api-ms-win-core-threadpool-l1-2-0.dll!StartThreadpoolIo."
"Message",Normal,"          Метод P/invoke ""CancelThreadpoolIo"" разрешен в api-ms-win-core-threadpool-l1-2-0.dll!CancelThreadpoolIo."
"Message",Normal,"          Метод P/invoke ""CreateFile2"" разрешен в api-ms-win-core-file-l1-2-1.dll!CreateFile2."
"Message",Normal,"          Метод P/invoke ""CloseHandle"" разрешен в api-ms-win-core-handle-l1-1-0.dll!CloseHandle."
"Message",Normal,"          Метод P/invoke ""CancelIoEx"" разрешен в api-ms-win-core-io-l1-1-1.dll!CancelIoEx."
"Message",Normal,"          P/invoke ""RoGetBufferMarshaler"" не удалось разрешить; будет использовано значение по умолчанию api-ms-win-core-winrt-robuffer-l1-1-0.dll!RoGetBufferMarshaler."
"Message",Normal,"  Interop code generated in 975,00 ms."
"Message",Normal,"  Written code to TheQuestionReborn.Interop.g.cs in 5081,28 ms"
"Message",Normal,"  Written code to TheQuestionReborn.ITFProxy.g.cs in 0,70 ms"
"Message",Normal,"Running 'CompileMcgSource' transform, heap at 281 mb."
"Message",High,"Компиляция кода взаимодействия"
"Message",Low,"Идет компиляция выходных данных MCG с аргументами:  /debug:""pdbonly"" /nowarn:""0436;0618;1668;1685"" /debug+ /nostdlib+ /optimize+ /out:""C:\Users\Sergey\Documents\Visual Studio 2015\Projects\TheQuestionReborn\TheQuestionReborn\obj\ARM\Release\ilc\intermediate\TheQuestionReborn.Interop.dll"" /pdb:""C:\Users\Sergey\Documents\Visual Studio 2015\Projects\TheQuestionReborn\TheQuestionReborn\obj\ARM\Release\ilc\intermediate\TheQuestionReborn.Interop.pdb"" /platform:""arm"" /warnaserror+ /unsafe /noconfig /nologo /target:library /define:""WIN32"" /define:""ARM"" /define:""MCG_PRE_BUILD"" /r:""C:\Program Files (x86)\MSBuild\Microsoft\.NetNative\ARM\ilc\lib\Private\System.Private.Corelib.dll"" /r:""C:\Program Files (x86)\MSBuild\Microsoft\.NetNative\ARM\ilc\lib\Private\System.Private.Corelib.InteropServices.dll"" /r:""C:\Program Files (x86)\MSBuild\Microsoft\.NetNative\ARM\ilc\lib\Private\System.Private.Interop.dll"" /r:""C:\Users\Sergey\Documents\Visual Studio 2015\Projects\TheQuestionReborn\TheQuestionReborn\obj\ARM\Release\ilc\in\System.Private.Uri.dll"" /r:""C:\Program Files (x86)\MSBuild\Microsoft\.NetNative\ARM\ilc\lib\Private\System.Private.CompilerServices.ICastable.dll"" /r:""C:\Program Files (x86)\MSBuild\Microsoft\.NetNative\ARM\ilc\lib\Private\System.Private.Reflection.dll"" /r:""C:\Program Files (x86)\MSBuild\Microsoft\.NetNative\ARM\ilc\lib\Private\System.Private.DispatchProxy.dll"" /r:""C:\Users\Sergey\Documents\Visual Studio 2015\Projects\TheQuestionReborn\TheQuestionReborn\obj\ARM\Release\ilc\in\System.Reflection.DispatchProxy.dll"" /r:""C:\Users\Sergey\Documents\Visual Studio 2015\Projects\TheQuestionReborn\TheQuestionReborn\obj\ARM\Release\ilc\in\System.Reflection.dll"" /r:""C:\Users\Sergey\Documents\Visual Studio 2015\Projects\TheQuestionReborn\TheQuestionReborn\obj\ARM\Release\ilc\in\System.Runtime.dll"" /r:""C:\Users\Sergey\Documents\Visual Studio 2015\Projects\TheQuestionReborn\TheQuestionReborn\obj\ARM\Release\ilc\in\System.Runtime.Extensions.dll"" /r:""C:\Users\Sergey\Documents\Visual Studio 2015\Projects\TheQuestionReborn\TheQuestionReborn\obj\ARM\Release\ilc\in\System.Runtime.InteropServices.dll"" /r:""C:\Users\Sergey\Documents\Visual Studio 2015\Projects\TheQuestionReborn\TheQuestionReborn\obj\ARM\Release\ilc\in\System.Runtime.InteropServices.WindowsRuntime.dll"" /r:""C:\Users\Sergey\Documents\Visual Studio 2015\Projects\TheQuestionReborn\TheQuestionReborn\obj\ARM\Release\ilc\in\System.Collections.dll"" /r:""C:\Users\Sergey\Documents\Visual Studio 2015\Projects\TheQuestionReborn\TheQuestionReborn\obj\ARM\Release\ilc\in\System.ObjectModel.dll"" /r:""C:\Users\Sergey\Documents\Visual Studio 2015\Projects\TheQuestionReborn\TheQuestionReborn\obj\ARM\Release\ilc\in\System.Runtime.WindowsRuntime.dll"" /r:""C:\Users\Sergey\Documents\Visual Studio 2015\Projects\TheQuestionReborn\TheQuestionReborn\obj\ARM\Release\ilc\in\System.Runtime.WindowsRuntime.UI.Xaml.dll"" /r:""C:\Users\Sergey\Documents\Visual Studio 2015\Projects\TheQuestionReborn\TheQuestionReborn\obj\ARM\Release\ilc\in\System.Numerics.Vectors.dll"" /r:""C:\Users\Sergey\Documents\Visual Studio 2015\Projects\TheQuestionReborn\TheQuestionReborn\obj\ARM\Release\ilc\in\System.Threading.dll"" /r:""C:\Users\Sergey\Documents\Visual Studio 2015\Projects\TheQuestionReborn\TheQuestionReborn\obj\ARM\Release\ilc\in\System.Diagnostics.Debug.dll"" /r:""C:\Users\Sergey\Documents\Visual Studio 2015\Projects\TheQuestionReborn\TheQuestionReborn\obj\ARM\Release\ilc\in\System.Runtime.Handles.dll"" /r:""C:\Users\Sergey\Documents\Visual Studio 2015\Projects\TheQuestionReborn\TheQuestionReborn\obj\ARM\Release\ilc\in\System.Dynamic.Runtime.dll"" ""C:\Users\Sergey\Documents\Visual Studio 2015\Projects\TheQuestionReborn\TheQuestionReborn\obj\ARM\Release\ilc\intermediate\TheQuestionReborn.Interop.g.cs"" ""C:\Users\Sergey\Documents\Visual Studio 2015\Projects\TheQuestionReborn\TheQuestionReborn\obj\ARM\Release\ilc\intermediate\TheQuestionReborn.ITFProxy.g.cs""."
"Message",Normal,"Running 'SerializationAssemblyGenerator' transform, heap at 281 mb."
"Message",High,"Создание кода сериализации"
"Message",Normal,"Сборка ""HtmlAgilityPack.dll"" обнаружена более чем в одной папке."
"Message",Normal,"file:///C:/Users/Sergey/Documents/Visual Studio 2015/Projects/TheQuestionReborn/TheQuestionReborn/obj/ARM/Release/ilc/intermediate/PreMergeILTransformed/HtmlAgilityPack.dll"
"Message",Normal,"C:\Users\Sergey\Documents\Visual Studio 2015\Projects\TheQuestionReborn\TheQuestionReborn\obj\ARM\Release\ilc\in\HtmlAgilityPack.dll"
"Message",Normal,"Сборка ""Microsoft.Toolkit.Uwp.Notifications.dll"" обнаружена более чем в одной папке."
"Message",Normal,"file:///C:/Users/Sergey/Documents/Visual Studio 2015/Projects/TheQuestionReborn/TheQuestionReborn/obj/ARM/Release/ilc/intermediate/PreMergeILTransformed/Microsoft.Toolkit.Uwp.Notifications.dll"
"Message",Normal,"C:\Users\Sergey\Documents\Visual Studio 2015\Projects\TheQuestionReborn\TheQuestionReborn\obj\ARM\Release\ilc\in\Microsoft.Toolkit.Uwp.Notifications.dll"
"Message",Normal,"Сборка ""Newtonsoft.Json.dll"" обнаружена более чем в одной папке."
"Message",Normal,"file:///C:/Users/Sergey/Documents/Visual Studio 2015/Projects/TheQuestionReborn/TheQuestionReborn/obj/ARM/Release/ilc/intermediate/PreMergeILTransformed/Newtonsoft.Json.dll"
"Message",Normal,"C:\Users\Sergey\Documents\Visual Studio 2015\Projects\TheQuestionReborn\TheQuestionReborn\obj\ARM\Release\ilc\in\Newtonsoft.Json.dll"
"Message",Normal,"Тип ""System.Net.Security.ProtectionLevel"" обнаружен более чем в одной сборке."
"Message",Normal,"file:///C:/Users/Sergey/Documents/Visual Studio 2015/Projects/TheQuestionReborn/TheQuestionReborn/obj/ARM/Release/ilc/in/System.Private.Networking.dll"
"Message",Normal,"file:///C:/Users/Sergey/Documents/Visual Studio 2015/Projects/TheQuestionReborn/TheQuestionReborn/obj/ARM/Release/ilc/in/System.Private.ServiceModel.dll"
"Message",Normal,"Сборка ""TheQuestionReborn.exe"" обнаружена более чем в одной папке."
"Message",Normal,"file:///C:/Users/Sergey/Documents/Visual Studio 2015/Projects/TheQuestionReborn/TheQuestionReborn/obj/ARM/Release/ilc/intermediate/PreMergeILTransformed/TheQuestionReborn.exe"
"Message",Normal,"C:\Users\Sergey\Documents\Visual Studio 2015\Projects\TheQuestionReborn\TheQuestionReborn\obj\ARM\Release\ilc\in\TheQuestionReborn.exe"
"Message",Normal,"Тип ""System.DBNull"" обнаружен более чем в одной сборке."
"Message",Normal,"file:///C:/Users/Sergey/Documents/Visual Studio 2015/Projects/TheQuestionReborn/TheQuestionReborn/obj/ARM/Release/ilc/in/System.Data.Common.dll"
"Message",Normal,"file:///C:/Program Files (x86)/MSBuild/Microsoft/.NetNative/ARM/ilc/lib/Private/System.Private.Reflection.Core.dll"
"Message",Normal,"Running 'DumpNativeResources' transform, heap at 281 mb."
"Message",Normal,"Running 'ReducedCopy' transform, heap at 281 mb."
"Message",Normal,"Running 'DeveloperExperienceModeOnlyCodeRemover' transform, heap at 437 mb."
"Message",Normal,"Running 'ComImportDetector' transform, heap at 437 mb."
"Message",Normal,"Running 'McgAccessor' transform, heap at 437 mb."
"Message",Normal,"Running 'McgRedirect' transform, heap at 440 mb."
"Message",Normal,"Running 'McgRedirect' transform, heap at 418 mb."
"Message",Normal,"Running 'McgTypeOf' transform, heap at 420 mb."
"Message",Normal,"Running 'ExceptionMiniaturizer' transform, heap at 438 mb."
"Message",Normal,"Running 'EventSource' transform, heap at 453 mb."
"Message",Normal,"Running 'ValueType' transform, heap at 454 mb."
"Message",Normal,"Running 'Attribute' transform, heap at 457 mb."
"Message",Normal,"Running 'GetType' transform, heap at 459 mb."
"Message",Normal,"Running 'McgFixups' transform, heap at 461 mb."
"Message",Normal,"Running 'ResourceManagerCtor' transform, heap at 463 mb."
"Message",Normal,"Running 'TypeofTypeHandle' transform, heap at 463 mb."
"Message",Normal,"Running 'DispatchProxyIntrinsics' transform, heap at 475 mb."
"Message",Normal,"Running 'StaticInitData' transform, heap at 476 mb."
"Message",Normal,"Running 'StartupCodeInjector' transform, heap at 514 mb."
"Message",Normal,"Running 'InjectAppContextSwitches' transform, heap at 514 mb."
"Message",Normal,"Running 'Delegate' transform, heap at 514 mb."
"Message",Normal,"Running 'DelegateCtorCall' transform, heap at 540 mb."
"Message",Normal,"Running 'LazyGenerics' transform, heap at 543 mb."
"Message",Normal,"Running 'AddReflectionBlockedAttributes' transform, heap at 403 mb."
"Message",Normal,"Running 'DisableOptimization' transform, heap at 403 mb."
"Message",Normal,"Running 'CreateMetadata' transform, heap at 403 mb."
"Message",Normal,"Running 'SynchronizedMethod' transform, heap at 455 mb."
"Message",Normal,"Running 'ReflectionInvoke' transform, heap at 455 mb."
"Message",Normal,"Running 'ScrubOpenCalls' transform, heap at 460 mb."
"Message",Normal,"Running 'Calli' transform, heap at 460 mb."
"Message",Normal,"Running 'ConvertCatchIntoFilter' transform, heap at 478 mb."
"Message",Normal,"Running 'ReflectionMappingInfoEmit' transform, heap at 479 mb."
"Message",Normal,"Running 'ConvertManagedWinMD' transform, heap at 483 mb."
"Message",Normal,"Running 'Reducer' transform, heap at 483 mb."
"Message",High,"Очистка кода без ссылок"
"Message",Normal,""
"Message",Normal,"Сводка преобразования"
"Message",Normal,"   мс | разностный файл кучи | имя"
"Message",Normal," 26670 |        270 | Mcg"
"Message",Normal,"  9650 |          0 | CompileMcgSource"
"Message",Normal,"  4924 |         24 | Reducer"
"Message",Normal,"  4597 |        156 | ReducedCopy"
"Message",Normal,"  3275 |          0 | SerializationAssemblyGenerator"
"Message",Normal,"  1155 |         52 | CreateMetadata"
"Message",Normal,"   814 |       -140 | LazyGenerics"
"Message",Normal,"   744 |         38 | StaticInitData"
"Message",Normal,"   605 |        -22 | McgRedirect"
"Message",Normal,"   357 |         15 | ExceptionMiniaturizer"
"Message",Normal,"   343 |         18 | McgTypeOf"
"Message",Normal,"   269 |          1 | EventSource"
"Message",Normal,"   242 |          5 | ReflectionInvoke"
"Message",Normal,"   234 |         18 | Calli"
"Message",Normal,"   222 |         12 | TypeofTypeHandle"
"Message",Normal,"   219 |          0 | StartupCodeInjector"
"Message",Normal,"   214 |          2 | GetType"
"Message",Normal,"   190 |          2 | McgRedirect"
"Message",Normal,"   155 |         26 | Delegate"
"Message",Normal,"   118 |          3 | DelegateCtorCall"
"Message",Normal,"    97 |          2 | McgFixups"
"Message",Normal,"    70 |          0 | SynchronizedMethod"
"Message",Normal,"    43 |          3 | McgAccessor"
"Message",Normal,"    38 |          0 | ScrubOpenCalls"
"Message",Normal,"    36 |          3 | ValueType"
"Message",Normal,"    28 |          1 | DispatchProxyIntrinsics"
"Message",Normal,"    25 |          0 | DumpNativeResources"
"Message",Normal,"    20 |          2 | Attribute"
"Message",Normal,"    18 |          1 | ConvertCatchIntoFilter"
"Message",Normal,"    16 |          4 | ReflectionMappingInfoEmit"
"Message",Normal,"     8 |          0 | DeveloperExperienceModeOnlyCodeRemover"
"Message",Normal,"     5 |          0 | ResourceManagerCtor"
"Message",Normal,"     4 |          0 | AddReflectionBlockedAttributes"
"Message",Normal,"     2 |          0 | InjectAppContextSwitches"
"Message",Normal,"     1 |          0 | DisableOptimization"
"Message",Normal,"     1 |          0 | ComImportDetector"
"Message",Normal,"     0 |          0 | ConvertManagedWinMD"
"Message",Normal,"Writing transformed assembly took 5115 ms, heap at 621 mb."
"Message",Low,"Выполнение задачи ""ILTransformTask"" завершено."
"Message",Low,"Построение целевого объекта ""RunILTransforms"" в проекте ""Unnamed_1"" завершено."
"Message",Low,"Целевой объект ""CheckSharedAssemblyClosure"" пропущен из-за невыполненного условия; выражение ('$(BuildSharedAssemblies)' == 'true') равно ('false' == 'true')."
"Message",Low,"Целевой объект ""GenerateMDILResponseFileSingleFile"" в файле ""C:\Program Files (x86)\MSBuild\Microsoft\.NetNative\ARM\ilc\IlcInternals.targets"" из проекта ""C:\Users\Sergey\Documents\Visual Studio 2015\Projects\TheQuestionReborn\TheQuestionReborn\Unnamed_1"" (целевой объект ""GenerateMDILSingleFile"" зависит от него):"
"Message",Low,"Полное построение целевого объекта ""GenerateMDILResponseFileSingleFile""."
"Message",Low,"Выходной файл ""C:\Users\Sergey\Documents\Visual Studio 2015\Projects\TheQuestionReborn\TheQuestionReborn\obj\ARM\Release\ilc\intermediate\nutcargs.rsp"" не существует."
"Message",Low,"Задача ""IlcMessageTask"""
"Message",High,"Выполнение встроенных компиляторов"
"Message",Low,"Выполнение задачи ""IlcMessageTask"" завершено."
"Message",Low,"Задача ""MakeDir"""
"Message",Normal,"Создание каталога ""C:\Users\Sergey\Documents\Visual Studio 2015\Projects\TheQuestionReborn\TheQuestionReborn\obj\ARM\Release\ilc\intermediate\MDIL\""."
"Message",Low,"Выполнение задачи ""MakeDir"" завершено."
"Message",Low,"Задача ""WriteLinesToFile"""
"Message",Low,"Выполнение задачи ""WriteLinesToFile"" завершено."
"Message",Low,"Построение целевого объекта ""GenerateMDILResponseFileSingleFile"" в проекте ""Unnamed_1"" завершено."
"Message",Low,"Целевой объект ""GenerateMDILSingleFile"" в файле ""C:\Program Files (x86)\MSBuild\Microsoft\.NetNative\ARM\ilc\IlcInternals.targets"" из проекта ""C:\Users\Sergey\Documents\Visual Studio 2015\Projects\TheQuestionReborn\TheQuestionReborn\Unnamed_1"" (целевой объект ""GenerateMDIL"" зависит от него):"
"Message",Low,"Полное построение целевого объекта ""GenerateMDILSingleFile""."
"Message",Low,"Выходной файл ""C:\Users\Sergey\Documents\Visual Studio 2015\Projects\TheQuestionReborn\TheQuestionReborn\obj\ARM\Release\ilc\intermediate\MDIL\TheQuestionReborn.mdilexe"" не существует."
"Message",Low,"Используется задача ""StartProcessTask"" из сборки ""Microsoft.Build.ILTasks""."
"Message",Low,"Задача ""StartProcessTask"""
"Message",Normal,"Идет запуск ""C:\Program Files (x86)\MSBuild\Microsoft\.NetNative\ARM\ilc\Tools\nutc_driver.exe @""C:\Users\Sergey\Documents\Visual Studio 2015\Projects\TheQuestionReborn\TheQuestionReborn\obj\ARM\Release\ilc\intermediate\nutcargs.rsp""""."
"Message",Low,"Microsoft (R) MDIL Compiler - Version 1.0.23117.00"
"Message",Low,"Copyright (c) Microsoft Corporation.  All rights reserved."
"Message",Low,"Scanning input types"
"Message",Low,"Eager code generation"
"Message",Low,"Scanning 13769 methods."
"Message",Low,"Scanning 13766 methods."
"Message",Low,"Scanning 8627 methods."
"Message",Low,"Scanning 4503 methods."
"Message",Low,"Scanning 3511 methods."
"Message",Low,"Scanning 2450 methods."
"Message",Low,"Scanning 2621 methods."
"Message",Low,"Scanning 2061 methods."
"Message",Low,"Scanning 1826 methods."
"Message",Low,"Scanning 1406 methods."
"Message",Low,"Scanning 800 methods."
"Message",Low,"Scanning 407 methods."
"Message",Low,"Scanning 414 methods."
"Message",Low,"Scanning 164 methods."
"Message",Low,"Scanning 123 methods."
"Message",Low,"Scanning 82 methods."
"Message",Low,"Scanning 54 methods."
"Message",Low,"Scanning 39 methods."
"Message",Low,"Scanning 32 methods."
"Message",Low,"Scanning 9 methods."
"Message",Low,"Scanning 16 methods."
"Message",Low,"Scanning 36 methods."
"Message",Low,"Scanning 29 methods."
"Message",Low,"Scanning 7 methods."
"Message",Low,"Scanning 2 methods."
"Message",Low,"Scanning 1 methods."
"Message",Low,"Scanning 2 methods."
"Message",Low,"Scanning 3 methods."
"Message",Low,"Scanning 6 methods."
"Message",Low,"Scanning 2 methods."
"Message",Low,"Compiling 56892 methods."
"Message",Low,"Deferred code generation"
"Message",Low,"Successfully generated 'C:\Users\Sergey\Documents\Visual Studio 2015\Projects\TheQuestionReborn\TheQuestionReborn\obj\ARM\Release\ilc\intermediate\MDIL\TheQuestionReborn.mdilexe'"
"Message",Low,"Successfully generated 'C:\Users\Sergey\Documents\Visual Studio 2015\Projects\TheQuestionReborn\TheQuestionReborn\obj\ARM\Release\ilc\intermediate\MDIL\TheQuestionReborn.mdilpdb'"
"Message",Normal,"Задача ""C:\Program Files (x86)\MSBuild\Microsoft\.NetNative\ARM\ilc\Tools\nutc_driver.exe @""C:\Users\Sergey\Documents\Visual Studio 2015\Projects\TheQuestionReborn\TheQuestionReborn\obj\ARM\Release\ilc\intermediate\nutcargs.rsp"""" завершена."
"Message",Normal,"Статистика выполнения процессов (все значения в миллисекундах)"
"Message",Normal,"-----------------------------------------------------------------------------"
"Message",Normal,"запустить  |  начать   |   остановить   |   завершить    | длительность | время существования | имя [слот]"
"Message",Normal,"-----------------------------------------------------------------------------"
"Message",Normal,"       0 |       94 |    53047 |    53047 |    52953 |    53047 | [0] nutc"
"Message",Normal,"Число команд:      1"
"Message",Normal,"Общее системное время:       53047 мс"
"Message",Normal,"Системное время на команду: 53047 мс"
"Message",Normal,"Общая длительность:          52953 мс"
"Message",Normal,"Общее время жизни:          53047 мс"
"Message",Normal,"Запрошенный DOP:           4"
"Message",Normal,"Длительность DOP:            1,0"
"Message",Normal,"Время жизни DOP:            1,0"
"Message",Low,"Выполнение задачи ""StartProcessTask"" завершено."
"Message",Low,"Построение целевого объекта ""GenerateMDILSingleFile"" в проекте ""Unnamed_1"" завершено."
"Message",Low,"Целевой объект ""GenerateMDIL"" в файле ""C:\Program Files (x86)\MSBuild\Microsoft\.NetNative\ARM\ilc\IlcInternals.targets"" из проекта ""C:\Users\Sergey\Documents\Visual Studio 2015\Projects\TheQuestionReborn\TheQuestionReborn\Unnamed_1"" (целевой объект ""MDILBindPrepare"" зависит от него):"
"Message",Normal,"Целевой объект ""GenerateMDIL"" пропускается, так как все выходные файлы актуальны по отношению к входным."
"Message",Low,"Входные файлы: C:\Users\Sergey\Documents\Visual Studio 2015\Projects\TheQuestionReborn\TheQuestionReborn\obj\ARM\Release\ilc\intermediate\nutcargs.rsp"
"Message",Low,"Выходные файлы: C:\Users\Sergey\Documents\Visual Studio 2015\Projects\TheQuestionReborn\TheQuestionReborn\obj\ARM\Release\ilc\intermediate\MDIL\TheQuestionReborn.mdilexe;C:\Users\Sergey\Documents\Visual Studio 2015\Projects\TheQuestionReborn\TheQuestionReborn\obj\ARM\Release\ilc\intermediate\MDIL\TheQuestionReborn.mdilpdb"
"Message",Low,"Построение целевого объекта ""GenerateMDIL"" в проекте ""Unnamed_1"" завершено."
"Message",Low,"Целевой объект ""GenerateBuildInfo"" в файле ""C:\Program Files (x86)\MSBuild\Microsoft\.NetNative\ARM\ilc\IlcInternals.targets"" из проекта ""C:\Users\Sergey\Documents\Visual Studio 2015\Projects\TheQuestionReborn\TheQuestionReborn\Unnamed_1"" (целевой объект ""MDILBindPrepare"" зависит от него):"
"Message",Low,"Полное построение целевого объекта ""GenerateBuildInfo""."
"Message",Low,"Выходной файл ""C:\Users\Sergey\Documents\Visual Studio 2015\Projects\TheQuestionReborn\TheQuestionReborn\obj\ARM\Release\ilc\intermediate\Native.res"" не существует."
"Message",Low,"Задача ""StartProcessTask"""
"Message",Normal,"Идет запуск ""C:\Program Files (x86)\Windows Kits\10\bin\x86\rc.exe /r /fo ""C:\Users\Sergey\Documents\Visual Studio 2015\Projects\TheQuestionReborn\TheQuestionReborn\obj\ARM\Release\ilc\intermediate\BuildInfo\BuildInfo.res"" ""C:\Users\Sergey\Documents\Visual Studio 2015\Projects\TheQuestionReborn\TheQuestionReborn\obj\ARM\Release\ilc\intermediate\BuildInfo\BuildInfo.rc""""."
"Message",Low,"Microsoft (R) Windows (R) Resource Compiler Version 10.0.10011.16384"
"Message",Low,"Copyright (C) Microsoft Corporation.  All rights reserved."
"Message",Normal,"Задача ""C:\Program Files (x86)\Windows Kits\10\bin\x86\rc.exe /r /fo ""C:\Users\Sergey\Documents\Visual Studio 2015\Projects\TheQuestionReborn\TheQuestionReborn\obj\ARM\Release\ilc\intermediate\BuildInfo\BuildInfo.res"" ""C:\Users\Sergey\Documents\Visual Studio 2015\Projects\TheQuestionReborn\TheQuestionReborn\obj\ARM\Release\ilc\intermediate\BuildInfo\BuildInfo.rc"""" завершена."
"Message",Normal,"Статистика выполнения процессов (все значения в миллисекундах)"
"Message",Normal,"-----------------------------------------------------------------------------"
"Message",Normal,"запустить  |  начать   |   остановить   |   завершить    | длительность | время существования | имя [слот]"
"Message",Normal,"-----------------------------------------------------------------------------"
"Message",Normal,"       0 |       79 |     1000 |     1000 |      921 |     1000 | [0] RC"
"Message",Normal,"Число команд:      1"
"Message",Normal,"Общее системное время:       1000 мс"
"Message",Normal,"Системное время на команду: 1000 мс"
"Message",Normal,"Общая длительность:          921 мс"
"Message",Normal,"Общее время жизни:          1000 мс"
"Message",Normal,"Запрошенный DOP:           4"
"Message",Normal,"Длительность DOP:            0,9"
"Message",Normal,"Время жизни DOP:            1,0"
"Message",Low,"Выполнение задачи ""StartProcessTask"" завершено."
"Message",Low,"Используется задача ""BinaryConcatenateTask"" из сборки ""Microsoft.Build.ILTasks""."
"Message",Low,"Задача ""BinaryConcatenateTask"""
"Message",Normal,"Идет объединение ""C:\Users\Sergey\Documents\Visual Studio 2015\Projects\TheQuestionReborn\TheQuestionReborn\obj\ARM\Release\ilc\intermediate\Native.res"" с выравниванием ""4""."
"Message",Normal," Добавлено ""C:\Users\Sergey\Documents\Visual Studio 2015\Projects\TheQuestionReborn\TheQuestionReborn\obj\ARM\Release\ilc\intermediate\ILTransformed\TheQuestionReborn.res"" в смещении 0."
"Message",Normal," Добавлено ""C:\Users\Sergey\Documents\Visual Studio 2015\Projects\TheQuestionReborn\TheQuestionReborn\obj\ARM\Release\ilc\intermediate\BuildInfo\BuildInfo.res"" в смещении 1448."
"Message",Low,"Выполнение задачи ""BinaryConcatenateTask"" завершено."
"Message",Low,"Построение целевого объекта ""GenerateBuildInfo"" в проекте ""Unnamed_1"" завершено."
"Message",Low,"Целевой объект ""MDILBindPrepare"" в файле ""C:\Program Files (x86)\MSBuild\Microsoft\.NetNative\ARM\ilc\IlcInternals.targets"" из проекта ""C:\Users\Sergey\Documents\Visual Studio 2015\Projects\TheQuestionReborn\TheQuestionReborn\Unnamed_1"" (целевой объект ""MDILBindCreateResponseFiles"" зависит от него):"
"Message",Low,"Задача ""MakeDir"""
"Message",Normal,"Создание каталога ""C:\Users\Sergey\Documents\Visual Studio 2015\Projects\TheQuestionReborn\TheQuestionReborn\obj\ARM\Release\ilc\intermediate\Native\""."
"Message",Low,"Выполнение задачи ""MakeDir"" завершено."
"Message",Low,"Задача ""StartProcessTask"" пропущена из-за невыполненного условия; выражение ('$(Pgi)'=='true') равно ('false'=='true')."
"Message",Low,"Построение целевого объекта ""MDILBindPrepare"" в проекте ""Unnamed_1"" завершено."
"Message",Low,"Целевой объект ""MDILBindCreateResponseFiles"" в файле ""C:\Program Files (x86)\MSBuild\Microsoft\.NetNative\ARM\ilc\IlcInternals.targets"" из проекта ""C:\Users\Sergey\Documents\Visual Studio 2015\Projects\TheQuestionReborn\TheQuestionReborn\Unnamed_1"" (целевой объект ""MDILBind"" зависит от него):"
"Message",Low,"Полное построение целевого объекта ""MDILBindCreateResponseFiles""."
"Message",Low,"Выходной файл ""C:\Users\Sergey\Documents\Visual Studio 2015\Projects\TheQuestionReborn\TheQuestionReborn\obj\ARM\Release\ilc\intermediate\rhbindargs.TheQuestionReborn.rsp"" не существует."
"Message",Low,"Задача ""WriteLinesToFile"""
"Message",Low,"Выполнение задачи ""WriteLinesToFile"" завершено."
"Message",Low,"Построение целевого объекта ""MDILBindCreateResponseFiles"" в проекте ""Unnamed_1"" завершено."
"Message",Low,"Целевой объект ""MDILBind"" в файле ""C:\Program Files (x86)\MSBuild\Microsoft\.NetNative\ARM\ilc\IlcInternals.targets"" из проекта ""C:\Users\Sergey\Documents\Visual Studio 2015\Projects\TheQuestionReborn\TheQuestionReborn\Unnamed_1"" (целевой объект ""CopyNativeExecutablesToOutput"" зависит от него):"
"Message",Low,"Полное построение целевого объекта ""MDILBind""."
"Message",Low,"Выходной файл ""C:\Users\Sergey\Documents\Visual Studio 2015\Projects\TheQuestionReborn\TheQuestionReborn\obj\ARM\Release\ilc\intermediate\Native\TheQuestionReborn.exe"" не существует."
"Message",Low,"Задача ""IlcMessageTask"""
"Message",High,"Создание исправлений для машинного кода"
"Message",Low,"Выполнение задачи ""IlcMessageTask"" завершено."
"Message",Low,"Задача ""StartProcessTask"""
"Message",Normal,"Идет запуск ""C:\Program Files (x86)\MSBuild\Microsoft\.NetNative\ARM\ilc\Tools\rhbind.exe @""C:\Users\Sergey\Documents\Visual Studio 2015\Projects\TheQuestionReborn\TheQuestionReborn\obj\ARM\Release\ilc\intermediate\rhbindargs.TheQuestionReborn.rsp""""."
"Message",Low,"OS VERSION: major: 6  minor: 2"
"Message",Low,"MDIL: C:\Users\Sergey\Documents\Visual Studio 2015\Projects\TheQuestionReborn\TheQuestionReborn\obj\ARM\Release\ilc\intermediate\MDIL\TheQuestionReborn.mdilexe"
"Message",Low,"MDILPDB: C:\Users\Sergey\Documents\Visual Studio 2015\Projects\TheQuestionReborn\TheQuestionReborn\obj\ARM\Release\ilc\intermediate\MDIL\TheQuestionReborn.mdilpdb"
"Message",Low,"IL: C:\Users\Sergey\Documents\Visual Studio 2015\Projects\TheQuestionReborn\TheQuestionReborn\obj\ARM\Release\ilc\intermediate\MDIL\TheQuestionReborn.ilexe"
"Message",Low,"NI: C:\Users\Sergey\Documents\Visual Studio 2015\Projects\TheQuestionReborn\TheQuestionReborn\obj\ARM\Release\ilc\intermediate\Native\TheQuestionReborn.dll"
"Message",Low,"SHIM: C:\Users\Sergey\Documents\Visual Studio 2015\Projects\TheQuestionReborn\TheQuestionReborn\obj\ARM\Release\ilc\intermediate\Native\TheQuestionReborn.exe"
"Message",Low,"REDHAWK_RUNTIME_DLL_NAME_A=mrt100_app.dll"
"Message",Low,"pdb: C:\Users\Sergey\Documents\Visual Studio 2015\Projects\TheQuestionReborn\TheQuestionReborn\obj\ARM\Release\ilc\intermediate\Native\TheQuestionReborn.pdb"
"Message",Low,"Produced C:\Users\Sergey\Documents\Visual Studio 2015\Projects\TheQuestionReborn\TheQuestionReborn\obj\ARM\Release\ilc\intermediate\Native\TheQuestionReborn.dll in 5.632 seconds"
"Message",Normal,"Задача ""C:\Program Files (x86)\MSBuild\Microsoft\.NetNative\ARM\ilc\Tools\rhbind.exe @""C:\Users\Sergey\Documents\Visual Studio 2015\Projects\TheQuestionReborn\TheQuestionReborn\obj\ARM\Release\ilc\intermediate\rhbindargs.TheQuestionReborn.rsp"""" завершена."
"Message",Normal,"Статистика выполнения процессов (все значения в миллисекундах)"
"Message",Normal,"-----------------------------------------------------------------------------"
"Message",Normal,"запустить  |  начать   |   остановить   |   завершить    | длительность | время существования | имя [слот]"
"Message",Normal,"-----------------------------------------------------------------------------"
"Message",Normal,"       0 |      109 |     6234 |     6234 |     6125 |     6234 | [0] rhbind TheQuestionReborn"
"Message",Normal,"Число команд:      1"
"Message",Normal,"Общее системное время:       6234 мс"
"Message",Normal,"Системное время на команду: 6234 мс"
"Message",Normal,"Общая длительность:          6125 мс"
"Message",Normal,"Общее время жизни:          6234 мс"
"Message",Normal,"Запрошенный DOP:           4"
"Message",Normal,"Длительность DOP:            1,0"
"Message",Normal,"Время жизни DOP:            1,0"
"Message",Low,"Выполнение задачи ""StartProcessTask"" завершено."
"Message",Low,"Задача ""Move"" пропущена из-за невыполненного условия; выражение ('$(PdbPath)'!='') равно (''!='')."
"Message",Low,"Построение целевого объекта ""MDILBind"" в проекте ""Unnamed_1"" завершено."
"Message",Low,"Целевой объект ""CopyNativeExecutablesToOutput"" в файле ""C:\Program Files (x86)\MSBuild\Microsoft\.NetNative\ARM\ilc\IlcInternals.targets"" из проекта ""C:\Users\Sergey\Documents\Visual Studio 2015\Projects\TheQuestionReborn\TheQuestionReborn\Unnamed_1"" (целевой объект ""Build"" зависит от него):"
"Message",Low,"Используется задача ""AddToNativePackageTask"" из сборки ""C:\Program Files (x86)\MSBuild\Microsoft\.NetNative\ARM\ilc\ilc.exe""."
"Message",Low,"Задача ""AddToNativePackageTask"""
"Message",Low,"Выполнение задачи ""AddToNativePackageTask"" завершено."
"Message",Low,"Задача ""AddToNativePackageTask"""
"Message",Low,"Выполнение задачи ""AddToNativePackageTask"" завершено."
"Message",Low,"Задача ""AddToNativePackageTask"" пропущена из-за невыполненного условия; выражение ('$(BuildSharedAssemblies)' != 'true' and '$(AllowAppLocalMrt)' == 'true') равно ('false' != 'true' and 'false' == 'true')."
"Message",Low,"Задача ""AddToNativePackageTask"" пропущена из-за невыполненного условия; выражение ('$(BuildSharedAssemblies)' == 'true') равно ('false' == 'true')."
"Message",Low,"Задача ""AddToNativePackageTask"" пропущена из-за невыполненного условия; выражение ('$(BuildSharedAssemblies)' == 'true') равно ('false' == 'true')."
"Message",Low,"Задача ""AddToNativePackageTask"" пропущена из-за невыполненного условия; выражение ('$(BuildSharedAssemblies)' == 'true') равно ('false' == 'true')."
"Message",Low,"Задача ""AddToNativePackageTask"" пропущена из-за невыполненного условия; выражение ('$(BuildSharedAssemblies)' == 'true') равно ('false' == 'true')."
"Message",Low,"Задача ""AddToNativePackageTask"" пропущена из-за невыполненного условия; выражение ('$(BuildSharedAssemblies)' == 'true') равно ('false' == 'true')."
"Message",Low,"Задача ""AddToNativePackageTask"" пропущена из-за невыполненного условия; выражение ('$(BuildSharedAssemblies)' == 'true') равно ('false' == 'true')."
"Message",Low,"Задача ""AddToNativePackageTask"" пропущена из-за невыполненного условия; выражение ('$(Pgi)'=='true') равно ('false'=='true')."
"Message",Low,"Задача ""AddToNativePackageTask"" пропущена из-за невыполненного условия; выражение ('$(BuildSharedAssemblies)' == 'true') равно ('false' == 'true')."
"Message",Low,"Задача ""AddToNativePackageTask"" пропущена из-за невыполненного условия; выражение ('$(UseSharedAssemblies)' == 'true' and '$(MergeSharedAssemblies)' != 'true') равно ('false' == 'true' and 'true' != 'true')."
"Message",Low,"Задача ""AddToNativePackageTask"" пропущена из-за невыполненного условия; выражение ('$(UseSharedAssemblies)' == 'true' and '$(MergeSharedAssemblies)' == 'true' and '$(UseFrameworkPackage)' != 'true') равно ('false' == 'true' and 'true' == 'true' and 'false' != 'true')."
"Message",Low,"Построение целевого объекта ""CopyNativeExecutablesToOutput"" в проекте ""Unnamed_1"" завершено."
"Message",Low,"Целевой объект ""CopyExtractedResourcesToOutput"" пропущен из-за невыполненного условия; выражение (Exists('$(IntermediateResourcesPath)')) равно (Exists('C:\Users\Sergey\Documents\Visual Studio 2015\Projects\TheQuestionReborn\TheQuestionReborn\obj\ARM\Release\ilc\intermediate\Resources\'))."
"Message",Low,"Целевой объект ""TransformAppxManifestAndAddCrt"" в файле ""C:\Program Files (x86)\MSBuild\Microsoft\.NetNative\ARM\ilc\IlcInternals.targets"" из проекта ""C:\Users\Sergey\Documents\Visual Studio 2015\Projects\TheQuestionReborn\TheQuestionReborn\Unnamed_1"" (целевой объект ""Build"" зависит от него):"
"Message",Low,"Используется задача ""TransformAppxManifestTask"" из сборки ""C:\Program Files (x86)\MSBuild\Microsoft\.NetNative\ARM\ilc\ilc.exe""."
"Message",Low,"Задача ""TransformAppxManifestTask"""
"Message",Low,"Выполнение задачи ""TransformAppxManifestTask"" завершено."
"Message",Low,"Задача ""AddToNativePackageTask"""
"Message",Low,"Выполнение задачи ""AddToNativePackageTask"" завершено."
"Message",Low,"Задача ""AddToNativePackageTask"" пропущена из-за невыполненного условия; выражение ($(AddCrt)) равно (false)."
"Message",Low,"Задача ""AddToNativePackageTask"" пропущена из-за невыполненного условия; выражение ($(AddWin8Adapters)) равно (false)."
"Message",Low,"Задача ""AddToNativePackageTask"" пропущена из-за невыполненного условия; выражение ($(AddWin8Adapters)) равно (false)."
"Message",Low,"Задача ""AddToNativePackageTask"" пропущена из-за невыполненного условия; выражение ($(AddWin8Adapters)) равно (false)."
"Message",Low,"Задача ""AddToNativePackageTask"" пропущена из-за невыполненного условия; выражение ($(AddWin8Adapters)) равно (false)."
"Message",Low,"Задача ""AddToNativePackageTask"" пропущена из-за невыполненного условия; выражение ($(AddWin8Adapters)) равно (false)."
"Message",Low,"Задача ""AddToNativePackageTask"" пропущена из-за невыполненного условия; выражение ($(AddWin8Adapters)) равно (false)."
"Message",Low,"Задача ""AddToNativePackageTask"" пропущена из-за невыполненного условия; выражение ($(AddWin8Adapters)) равно (false)."
"Message",Low,"Построение целевого объекта ""TransformAppxManifestAndAddCrt"" в проекте ""Unnamed_1"" завершено."
"Message",Low,"Целевой объект ""MergeFrameworkReswFilesWithTheAppPriFile"" пропущен из-за невыполненного условия; выражение ('@(AppResources)' != '' And '$(UseResKeysInsteadOfResStrings)' != 'true') равно ('C:\Users\Sergey\Documents\Visual Studio 2015\Projects\TheQuestionReborn\TheQuestionReborn\obj\ARM\Release\ilc\in\resources.pri' != '' And 'true' != 'true')."
"Message",Low,"Целевой объект ""CopyPackageResourceFileInRetailBuild"" в файле ""C:\Program Files (x86)\MSBuild\Microsoft\.NetNative\ARM\ilc\IlcInternals.targets"" из проекта ""C:\Users\Sergey\Documents\Visual Studio 2015\Projects\TheQuestionReborn\TheQuestionReborn\Unnamed_1"" (целевой объект ""Build"" зависит от него):"
"Message",Low,"Задача ""AddToNativePackageTask"""
"Message",Low,"Выполнение задачи ""AddToNativePackageTask"" завершено."
"Message",Low,"Построение целевого объекта ""CopyPackageResourceFileInRetailBuild"" в проекте ""Unnamed_1"" завершено."
"Message",Low,"Целевой объект ""Build"" в файле ""C:\Program Files (x86)\MSBuild\Microsoft\.NetNative\ARM\ilc\IlcInternals.targets"" из проекта ""C:\Users\Sergey\Documents\Visual Studio 2015\Projects\TheQuestionReborn\TheQuestionReborn\Unnamed_1"" (точка входа):"
"Message",Low,"Построение целевого объекта ""Build"" в проекте ""Unnamed_1"" завершено."
"Message",Low,"Построение проекта ""Unnamed_1"" завершено."
"Message",Low,"Построение успешно завершено."
